{
    "exact": 27.0935960591133,
    "f1": 46.38253747334404,
    "total": 203,
    "HasAns_exact": 27.0935960591133,
    "HasAns_f1": 46.38253747334404,
    "HasAns_total": 203
  }