{
    "exact": 33.49753694581281,
    "f1": 61.223370691868105,
    "total": 203,
    "HasAns_exact": 33.49753694581281,
    "HasAns_f1": 61.223370691868105,
    "HasAns_total": 203
}