{
    "exact": 26.933333333333334,
    "f1": 50.43695751248357,
    "total": 375,
    "HasAns_exact": 26.933333333333334,
    "HasAns_f1": 50.43695751248357,
    "HasAns_total": 375
}