{
    "exact": 29.6,
    "f1": 54.33036688618725,
    "total": 375,
    "HasAns_exact": 29.6,
    "HasAns_f1": 54.33036688618725,
    "HasAns_total": 375
}