{
    "exact": 32.01970443349754,
    "f1": 54.924396630537,
    "total": 203,
    "HasAns_exact": 32.01970443349754,
    "HasAns_f1": 54.924396630537,
    "HasAns_total": 203
}